<annotation verified="yes">
	<folder>rust</folder>
	<filename>rust.28.jpg</filename>
	<path>C:\Users\ferisa.prestasi\CorrosionDetector\download\rust\rust.28.jpg</path>
	<source>
		<database>Unknown</database>
	</source>
	<size>
		<width>612</width>
		<height>408</height>
		<depth>3</depth>
	</size>
	<segmented>0</segmented>
	<object>
		<name>rust</name>
		<pose>Unspecified</pose>
		<truncated>0</truncated>
		<difficult>0</difficult>
		<bndbox>
			<xmin>332</xmin>
			<ymin>93</ymin>
			<xmax>605</xmax>
			<ymax>329</ymax>
		</bndbox>
	</object>
	<object>
		<name>rust</name>
		<pose>Unspecified</pose>
		<truncated>0</truncated>
		<difficult>0</difficult>
		<bndbox>
			<xmin>173</xmin>
			<ymin>38</ymin>
			<xmax>302</xmax>
			<ymax>167</ymax>
		</bndbox>
	</object>
	<object>
		<name>rust</name>
		<pose>Unspecified</pose>
		<truncated>0</truncated>
		<difficult>0</difficult>
		<bndbox>
			<xmin>342</xmin>
			<ymin>35</ymin>
			<xmax>554</xmax>
			<ymax>83</ymax>
		</bndbox>
	</object>
	<object>
		<name>rust</name>
		<pose>Unspecified</pose>
		<truncated>0</truncated>
		<difficult>0</difficult>
		<bndbox>
			<xmin>223</xmin>
			<ymin>173</ymin>
			<xmax>328</xmax>
			<ymax>244</ymax>
		</bndbox>
	</object>
</annotation>
