<annotation>
	<folder>rust</folder>
	<filename>rust.29.jpg</filename>
	<path>C:\Users\ferisa.prestasi\CorrosionDetector\download\rust\rust.29.jpg</path>
	<source>
		<database>Unknown</database>
	</source>
	<size>
		<width>275</width>
		<height>183</height>
		<depth>3</depth>
	</size>
	<segmented>0</segmented>
	<object>
		<name>rust</name>
		<pose>Unspecified</pose>
		<truncated>1</truncated>
		<difficult>0</difficult>
		<bndbox>
			<xmin>125</xmin>
			<ymin>106</ymin>
			<xmax>275</xmax>
			<ymax>137</ymax>
		</bndbox>
	</object>
</annotation>
