<annotation>
	<folder>rust</folder>
	<filename>rust.24.jpg</filename>
	<path>C:\Users\ferisa.prestasi\CorrosionDetector\download\rust\rust.24.jpg</path>
	<source>
		<database>Unknown</database>
	</source>
	<size>
		<width>510</width>
		<height>340</height>
		<depth>3</depth>
	</size>
	<segmented>0</segmented>
	<object>
		<name>rust</name>
		<pose>Unspecified</pose>
		<truncated>0</truncated>
		<difficult>0</difficult>
		<bndbox>
			<xmin>132</xmin>
			<ymin>159</ymin>
			<xmax>255</xmax>
			<ymax>217</ymax>
		</bndbox>
	</object>
</annotation>
