<annotation>
	<folder>rust</folder>
	<filename>rust.56.jpg</filename>
	<path>C:\Users\ferisa.prestasi\CorrosionDetector\download\rust\rust.56.jpg</path>
	<source>
		<database>Unknown</database>
	</source>
	<size>
		<width>612</width>
		<height>408</height>
		<depth>3</depth>
	</size>
	<segmented>0</segmented>
	<object>
		<name>rust</name>
		<pose>Unspecified</pose>
		<truncated>1</truncated>
		<difficult>0</difficult>
		<bndbox>
			<xmin>1</xmin>
			<ymin>103</ymin>
			<xmax>334</xmax>
			<ymax>190</ymax>
		</bndbox>
	</object>
</annotation>
