<annotation>
	<folder>rust</folder>
	<filename>rust.42.jpg</filename>
	<path>C:\Users\ferisa.prestasi\CorrosionDetector\download\rust\rust.42.jpg</path>
	<source>
		<database>Unknown</database>
	</source>
	<size>
		<width>612</width>
		<height>265</height>
		<depth>3</depth>
	</size>
	<segmented>0</segmented>
	<object>
		<name>rust</name>
		<pose>Unspecified</pose>
		<truncated>1</truncated>
		<difficult>0</difficult>
		<bndbox>
			<xmin>1</xmin>
			<ymin>1</ymin>
			<xmax>171</xmax>
			<ymax>265</ymax>
		</bndbox>
	</object>
</annotation>
