<annotation>
	<folder>norust</folder>
	<filename>norust.13.jpg</filename>
	<path>C:\Users\ferisa.prestasi\CorrosionDetector\download\norust\norust.13.jpg</path>
	<source>
		<database>Unknown</database>
	</source>
	<size>
		<width>225</width>
		<height>225</height>
		<depth>3</depth>
	</size>
	<segmented>0</segmented>
	<object>
		<name>no_rust</name>
		<pose>Unspecified</pose>
		<truncated>0</truncated>
		<difficult>0</difficult>
		<bndbox>
			<xmin>51</xmin>
			<ymin>44</ymin>
			<xmax>176</xmax>
			<ymax>182</ymax>
		</bndbox>
	</object>
</annotation>
