<annotation>
	<folder>norust</folder>
	<filename>norust.0.jpg</filename>
	<path>C:\Users\ferisa.prestasi\CorrosionDetector\download\norust\norust.0.jpg</path>
	<source>
		<database>Unknown</database>
	</source>
	<size>
		<width>511</width>
		<height>340</height>
		<depth>3</depth>
	</size>
	<segmented>0</segmented>
	<object>
		<name>no_rust</name>
		<pose>Unspecified</pose>
		<truncated>0</truncated>
		<difficult>0</difficult>
		<bndbox>
			<xmin>181</xmin>
			<ymin>118</ymin>
			<xmax>255</xmax>
			<ymax>190</ymax>
		</bndbox>
	</object>
</annotation>
