<annotation>
	<folder>norust</folder>
	<filename>norust.70.jpg</filename>
	<path>C:\Users\ferisa.prestasi\CorrosionDetector\download\norust\norust.70.jpg</path>
	<source>
		<database>Unknown</database>
	</source>
	<size>
		<width>246</width>
		<height>205</height>
		<depth>3</depth>
	</size>
	<segmented>0</segmented>
	<object>
		<name>no_rust</name>
		<pose>Unspecified</pose>
		<truncated>0</truncated>
		<difficult>0</difficult>
		<bndbox>
			<xmin>76</xmin>
			<ymin>71</ymin>
			<xmax>96</xmax>
			<ymax>93</ymax>
		</bndbox>
	</object>
</annotation>
