<annotation>
	<folder>norust</folder>
	<filename>norust.61.jpg</filename>
	<path>C:\Users\ferisa.prestasi\CorrosionDetector\download\norust\norust.61.jpg</path>
	<source>
		<database>Unknown</database>
	</source>
	<size>
		<width>190</width>
		<height>266</height>
		<depth>3</depth>
	</size>
	<segmented>0</segmented>
	<object>
		<name>no_rust</name>
		<pose>Unspecified</pose>
		<truncated>0</truncated>
		<difficult>0</difficult>
		<bndbox>
			<xmin>51</xmin>
			<ymin>36</ymin>
			<xmax>150</xmax>
			<ymax>83</ymax>
		</bndbox>
	</object>
</annotation>
