<annotation>
	<folder>norust</folder>
	<filename>norust.55.jpg</filename>
	<path>C:\Users\ferisa.prestasi\CorrosionDetector\download\norust\norust.55.jpg</path>
	<source>
		<database>Unknown</database>
	</source>
	<size>
		<width>183</width>
		<height>275</height>
		<depth>3</depth>
	</size>
	<segmented>0</segmented>
	<object>
		<name>no_rust</name>
		<pose>Unspecified</pose>
		<truncated>0</truncated>
		<difficult>0</difficult>
		<bndbox>
			<xmin>9</xmin>
			<ymin>72</ymin>
			<xmax>37</xmax>
			<ymax>87</ymax>
		</bndbox>
	</object>
</annotation>
