<annotation>
	<folder>norust</folder>
	<filename>norust.43.jpg</filename>
	<path>C:\Users\ferisa.prestasi\CorrosionDetector\download\norust\norust.43.jpg</path>
	<source>
		<database>Unknown</database>
	</source>
	<size>
		<width>198</width>
		<height>255</height>
		<depth>3</depth>
	</size>
	<segmented>0</segmented>
	<object>
		<name>no_rust</name>
		<pose>Unspecified</pose>
		<truncated>0</truncated>
		<difficult>0</difficult>
		<bndbox>
			<xmin>12</xmin>
			<ymin>16</ymin>
			<xmax>172</xmax>
			<ymax>31</ymax>
		</bndbox>
	</object>
</annotation>
