<annotation>
	<folder>norust</folder>
	<filename>norust.53.jpg</filename>
	<path>C:\Users\ferisa.prestasi\CorrosionDetector\download\norust\norust.53.jpg</path>
	<source>
		<database>Unknown</database>
	</source>
	<size>
		<width>194</width>
		<height>259</height>
		<depth>3</depth>
	</size>
	<segmented>0</segmented>
	<object>
		<name>no_rust</name>
		<pose>Unspecified</pose>
		<truncated>0</truncated>
		<difficult>0</difficult>
		<bndbox>
			<xmin>38</xmin>
			<ymin>66</ymin>
			<xmax>63</xmax>
			<ymax>208</ymax>
		</bndbox>
	</object>
</annotation>
