<annotation>
	<folder>norust</folder>
	<filename>norust.41.jpg</filename>
	<path>C:\Users\ferisa.prestasi\CorrosionDetector\download\norust\norust.41.jpg</path>
	<source>
		<database>Unknown</database>
	</source>
	<size>
		<width>344</width>
		<height>146</height>
		<depth>3</depth>
	</size>
	<segmented>0</segmented>
	<object>
		<name>no_rust</name>
		<pose>Unspecified</pose>
		<truncated>0</truncated>
		<difficult>0</difficult>
		<bndbox>
			<xmin>3</xmin>
			<ymin>3</ymin>
			<xmax>59</xmax>
			<ymax>142</ymax>
		</bndbox>
	</object>
</annotation>
